<?xml version="1.0" encoding="UTF-8"?>
<mule xmlns:mule-ss="http://www.mulesoft.org/schema/mule/spring-security"
	xmlns:validation="http://www.mulesoft.org/schema/mule/validation"
	xmlns:doc="http://www.mulesoft.org/schema/mule/documentation" xmlns="http://www.mulesoft.org/schema/mule/core"
	xmlns:apikit="http://www.mulesoft.org/schema/mule/apikit" xmlns:http="http://www.mulesoft.org/schema/mule/http"
	xmlns:spring="http://www.springframework.org/schema/beans" xmlns:xsi="http://www.w3.org/2001/XMLSchema-instance"
	xsi:schemaLocation="http://www.mulesoft.org/schema/mule/spring-security http://www.mulesoft.org/schema/mule/spring-security/current/mule-spring-security.xsd
http://www.mulesoft.org/schema/mule/core http://www.mulesoft.org/schema/mule/core/current/mule.xsd
http://www.mulesoft.org/schema/mule/http http://www.mulesoft.org/schema/mule/http/current/mule-http.xsd
http://www.mulesoft.org/schema/mule/file http://www.mulesoft.org/schema/mule/file/current/mule-file.xsd
http://www.mulesoft.org/schema/mule/tls http://www.mulesoft.org/schema/mule/tls/current/mule-tls.xsd
http://www.mulesoft.org/schema/mule/apikit http://www.mulesoft.org/schema/mule/apikit/current/mule-apikit.xsd
http://www.springframework.org/schema/beans http://www.springframework.org/schema/beans/spring-beans-3.1.xsd
http://www.mulesoft.org/schema/mule/validation http://www.mulesoft.org/schema/mule/validation/current/mule-validation.xsd">
	
	
	<apikit:config name="DepositAccountRamldesign-config"
		raml="DepositAccountRamldesign.raml" consoleEnabled="false" doc:name="Router" />
	<flow name="DepositAccountRamldesign-main">
		<http:listener config-ref="DepositAccountRamldesign-httpListenerConfig"
			path="/api/v1/dda/*" doc:name="HTTP">
            <http:response-builder>
                <http:header headerName="Content-Type" value="application/json"/>
            </http:response-builder>
		</http:listener>
		<apikit:router config-ref="DepositAccountRamldesign-config"
			doc:name="APIkit Router" />
		<exception-strategy ref="Choice_Exception_Strategy"
			doc:name="Reference Exception Strategy" />
	</flow>
	<flow name="DepositAccountRamldesign-console">
		<http:listener config-ref="DepositAccountRamldesign-httpListenerConfig"
			path="/console/*" doc:name="HTTP" />
		<apikit:console config-ref="DepositAccountRamldesign-config"
			doc:name="APIkit Console" />
	</flow>
	<flow name="get:/accounts:DepositAccountRamldesign-config">
		<mule-ss:http-security-filter realm="mule-realm" securityProviders="memory-provider" />
			<mule-ss:authorization-filter requiredAuthorities="${security.role}"/>
		<flow-ref name="implementationFlow" doc:name="implementationFlow" />
	</flow>


</mule>
