<?xml version="1.0" encoding="UTF-8"?>

<mule xmlns:vm="http://www.mulesoft.org/schema/mule/vm" xmlns:tracking="http://www.mulesoft.org/schema/mule/ee/tracking" xmlns:http="http://www.mulesoft.org/schema/mule/http" xmlns="http://www.mulesoft.org/schema/mule/core" xmlns:doc="http://www.mulesoft.org/schema/mule/documentation"
	xmlns:spring="http://www.springframework.org/schema/beans" 
	xmlns:xsi="http://www.w3.org/2001/XMLSchema-instance"
	xsi:schemaLocation="http://www.springframework.org/schema/beans http://www.springframework.org/schema/beans/spring-beans-current.xsd
http://www.mulesoft.org/schema/mule/core http://www.mulesoft.org/schema/mule/core/current/mule.xsd
http://www.mulesoft.org/schema/mule/http http://www.mulesoft.org/schema/mule/http/current/mule-http.xsd
http://www.mulesoft.org/schema/mule/ee/tracking http://www.mulesoft.org/schema/mule/ee/tracking/current/mule-tracking-ee.xsd
http://www.mulesoft.org/schema/mule/vm http://www.mulesoft.org/schema/mule/vm/current/mule-vm.xsd">
    <flow name="mule_day3_wt6_1Flow">
        <http:listener config-ref="HTTP_Listener_Configuration" path="/hello" allowedMethods="GET" doc:name="HTTP"/>
        <flow-ref name="Sub_Flow1" doc:name="Sub_Flow1"/>
        <flow-ref name="Sub_Flow2" doc:name="Sub_Flow2"/>
        <vm:outbound-endpoint exchange-pattern="request-response" path="vmflow" doc:name="VM"/>
        <logger message="Name: #[message.outboundProperties.qname] Type: #[flowVars.qtype] Color: #[sessionVars.color]" level="INFO" doc:name="Logger"/>
    </flow>
    <flow name="flow2">
        <vm:inbound-endpoint exchange-pattern="request-response" path="vmflow" doc:name="VM"/>
        <set-payload value="GoodBye" doc:name="Set Payload"/>
        <logger message="Name: #[message.outboundProperties.qname] Type: #[flowVars.qtype] Color: #[sessionVars.color]" level="INFO" doc:name="Logger"/>
    </flow>
    <sub-flow name="Sub_Flow1">
        <set-payload value="#['Hello World'.toUpperCase()]" doc:name="Set Payload"/>
        <set-property propertyName="qname" value="#[message.inboundProperties.'http.query.params'.name]" doc:name="Property"/>
    </sub-flow>
    <sub-flow name="Sub_Flow2">
        <set-variable variableName="qtype" value="#[message.inboundProperties.'http.query.params'.type]" doc:name="Variable"/>
        <set-session-variable variableName="color" value="grey" doc:name="Session Variable"/>
    </sub-flow>
</mule>
