<?xml version="1.0" encoding="UTF-8"?>
<mule xmlns:context="http://www.springframework.org/schema/context" xmlns:doc="http://www.mulesoft.org/schema/mule/documentation" xmlns="http://www.mulesoft.org/schema/mule/core" xmlns:apikit="http://www.mulesoft.org/schema/mule/apikit" xmlns:http="http://www.mulesoft.org/schema/mule/http" xmlns:spring="http://www.springframework.org/schema/beans" xmlns:xsi="http://www.w3.org/2001/XMLSchema-instance" xsi:schemaLocation="http://www.mulesoft.org/schema/mule/core http://www.mulesoft.org/schema/mule/core/current/mule.xsd
http://www.mulesoft.org/schema/mule/http http://www.mulesoft.org/schema/mule/http/current/mule-http.xsd
http://www.mulesoft.org/schema/mule/apikit http://www.mulesoft.org/schema/mule/apikit/current/mule-apikit.xsd
http://www.springframework.org/schema/beans http://www.springframework.org/schema/beans/spring-beans-3.1.xsd
http://www.springframework.org/schema/context http://www.springframework.org/schema/context/spring-context-current.xsd">
    <http:listener-config name="flightsraml-httpListenerConfig" host="0.0.0.0" port="${http.port}" doc:name="HTTP Listener Configuration"/>
    <apikit:config name="flightsraml-config" raml="flightsraml.raml" consoleEnabled="false" doc:name="Router"/>
    <context:property-placeholder location="application-${env}.properties"/>
    <flow name="flightsraml-main">
        <http:listener config-ref="flightsraml-httpListenerConfig" path="/api/*" doc:name="HTTP"/>
        <apikit:router config-ref="flightsraml-config" doc:name="APIkit Router"/>
        <exception-strategy ref="flightsraml-apiKitGlobalExceptionMapping" doc:name="Reference Exception Strategy"/>
    </flow>
    <flow name="flightsraml-console">
        <http:listener config-ref="flightsraml-httpListenerConfig" path="/console/*" doc:name="HTTP"/>
        <apikit:console config-ref="flightsraml-config" doc:name="APIkit Console"/>
    </flow>
    <flow name="put:/flights/{id}:application/json:flightsraml-config">
        <set-payload value="{&#xA;&quot;message&quot; : &quot;Flight updated (but not really)&quot;&#xA;}" doc:name="Set Payload"/>
    </flow>
    <flow name="delete:/flights/{id}:flightsraml-config">
        <set-payload value="{&#xA;&quot;message&quot; : &quot;Flight deleted (but not really)&quot;&#xA;}" doc:name="Set Payload"/>
    </flow>
    <flow name="get:/flights:flightsraml-config">
        <flow-ref name="getFlightsFlow" doc:name="getFlightsFlow"/>

    </flow>
    <flow name="get:/flights/{id}:flightsraml-config">
        <flow-ref name="getFlightByIdFlow" doc:name="getFlightByIdFlow"/>

    </flow>
    <flow name="post:/flights:application/json:flightsraml-config">
        <set-property propertyName="Content-Type" value="application/json" doc:name="Property"/>
        <set-payload value="{&#xA;&quot;message&quot; : &quot;Flight added&quot;&#xA;}" doc:name="Set Payload"/>
    </flow>
    <apikit:mapping-exception-strategy name="flightsraml-apiKitGlobalExceptionMapping">
        <apikit:mapping statusCode="404">
            <apikit:exception value="org.mule.module.apikit.exception.NotFoundException" />
            <set-property propertyName="Content-Type" value="application/json" doc:name="Property"/>
            <set-payload value="{ &quot;message&quot;: &quot;Resource not found&quot; }" doc:name="Set Payload"/>
        </apikit:mapping>
        <apikit:mapping statusCode="405">
            <apikit:exception value="org.mule.module.apikit.exception.MethodNotAllowedException" />
            <set-property propertyName="Content-Type" value="application/json" doc:name="Property"/>
            <set-payload value="{ &quot;message&quot;: &quot;Method not allowed&quot; }" doc:name="Set Payload"/>
        </apikit:mapping>
        <apikit:mapping statusCode="415">
            <apikit:exception value="org.mule.module.apikit.exception.UnsupportedMediaTypeException" />
            <set-property propertyName="Content-Type" value="application/json" doc:name="Property"/>
            <set-payload value="{ &quot;message&quot;: &quot;Unsupported media type&quot; }" doc:name="Set Payload"/>
        </apikit:mapping>
        <apikit:mapping statusCode="406">
            <apikit:exception value="org.mule.module.apikit.exception.NotAcceptableException" />
            <set-property propertyName="Content-Type" value="application/json" doc:name="Property"/>
            <set-payload value="{ &quot;message&quot;: &quot;Not acceptable&quot; }" doc:name="Set Payload"/>
        </apikit:mapping>
        <apikit:mapping statusCode="400">
            <apikit:exception value="org.mule.module.apikit.exception.BadRequestException" />
            <set-property propertyName="Content-Type" value="application/json" doc:name="Property"/>
            <set-payload value="{ &quot;message&quot;: &quot;Bad request&quot; }" doc:name="Set Payload"/>
        </apikit:mapping>
    </apikit:mapping-exception-strategy>
</mule>
